url,title_seo,meta_description,titolo_post,stato
/en/astm-a194-high-performance-nuts-for-high-and-low-temperature-industrial-applications/,"ASTM A194 Grades: 8, 8M, 8T, 8C, 8MLCuN Compared","Which ASTM A194 nut grade do you need? Full table of grades 2H, 8, 8M, 8T, 8A, 8C and 8MLCuN with materials, temperature limits and typical uses.",,DA FARE
/en/materials/stainless-steel-w-1-4301-aisi-304l-uns-s30400/,1.4301 / AISI 304 / UNS S30400 Stainless Steel Data,"Werkstoff 1.4301 datasheet: chemical composition, mechanical properties, modulus of elasticity and thermal conductivity up to 400 C, and ASTM equivalents.",Stainless steel 1.4301 / AISI 304 / UNS S30400,DA FARE
/en/corrosion-resistance-classes-crc-of-stainless-steels/,Corrosion Resistance Classes CRC I-V: Selection Table,"How to pick a stainless steel by corrosion resistance class (CRC I to V) under EN 1993-1-4, with the full grade-to-CRC table and exposure examples.",,DA FARE
/en/materials/super-duplex-a182-f53-uns-s32750-w-1-4410-saf-2507/,Super Duplex 2507: S32750 / 1.4410 / F53 Properties,"SAF 2507 super duplex datasheet: chemical composition, PREN above 40, mechanical properties and the UNS S32750, 1.4410, A182 F53 equivalence.",,DA FARE
/en/the-culture-of-materials-a-guide-to-stainless-steels-duplexes-and-nickel-alloys/,"Stainless, Duplex or Nickel Alloy? Selection Guide","A practical guide to choosing between austenitic, duplex, super duplex and nickel alloy fasteners: corrosion, temperature, strength and cost compared.",,DA FARE
/en/alloy-625-heres-why-its-the-most-in-demand-superalloy-in-the-industry/,Alloy 625 / UNS N06625: Properties and Applications,"Inconel 625 explained: chemical composition, strength up to 980 C, corrosion behaviour in sour and marine service, and where 625 beats 825 and 718.",,DA FARE
/en/stainless-steel-which-alloy-to-choose-between-aisi-304-316-321-and-904l/,304 vs 316 vs 321 vs 904L: Which Grade to Choose,"Side-by-side comparison of AISI 304, 316, 321 and 904L: PREN, chloride and temperature limits, and the service conditions that decide between them.",,DA FARE
/en/iso-3506/,"ISO 3506: A2-70, A4-80 Property Classes Explained","ISO 3506 property classes for stainless fasteners: A2-70 and A4-80 mechanical values, parts 1 to 5, and the ASTM F593 / F594 equivalence.",,DA FARE
/en/nace-standards-mr0175-and-mr0103-key-requirements-for-materials-and-fasteners-in-corrosive-environments/,NACE MR0175 vs MR0103: Which One Applies to You,"The difference between NACE MR0175 / ISO 15156 and MR0103 for bolting in sour service: scope, hardness limits and qualification of each material.",,DA FARE
/en/materials/high-temperature-steel-astm-a453-grade-660-a286-w-1-4980/,"A453 Grade 660 / A286 / 1.4980: Classes A, B, C, D","ASTM A453 Grade 660 bolting: the four classes A to D, chemical composition, properties to 700 C and the A286 / 1.4980 / S66286 equivalence.",,DA FARE
/en/materials/stainless-steel-werkstoff-1-4401-aisi-316-uns-s31600-2/,1.4401 / AISI 316 / UNS S31600: Data and Equivalents,"Werkstoff 1.4401 datasheet: chemical composition, mechanical properties, PREN, and the AISI 316, UNS S31600, A193 B8M equivalence table.",,DA FARE
/en/materials/stainless-steel-werkstoff-1-4571-aisi-316ti-uns-s31635-2/,1.4571 / AISI 316Ti: Properties and ASTM Equivalent,"Werkstoff 1.4571 (316Ti, UNS S31635) datasheet: composition with titanium stabilisation, properties at temperature and the A193 B8T equivalence.",,DA FARE
/en/monel-400-the-complete-guide-to-the-high-strength-nickel-copper-alloy/,Monel 400 / N04400 / 2.4360: Properties and Uses,"Monel 400 nickel-copper alloy: chemical composition, seawater and HF corrosion behaviour, mechanical properties and the N04400 / 2.4360 equivalence.",,DA FARE
/en/nitronic-50-and-17-4-ph-materials-features-and-benefits-for-the-marine-industry/,Nitronic 50 (XM-19) vs 17-4 PH for Marine Fasteners,"Nitronic 50 / XM-19 / S20910 and 17-4 PH / 630 compared for marine service: strength, chloride resistance and when each one is the right choice.",,DA FARE
/en/astm-a320-high-performance-fasteners-for-applications-in-low-temperature-and-cryogenic-environments/,ASTM A320 Bolting: Grades and Impact Test Limits,"ASTM A320 for low-temperature service: grades L7, L43, B8 and B8M Class 2, Charpy impact requirements by temperature, and how A320 differs from A193.",,DA FARE
/en/composition-of-alloy-2507-a-solution-for-extreme-conditions/,Alloy 2507 Chemical Composition and PREN Value,"Full chemical composition of alloy 2507 super duplex, calculated PREN, mechanical properties and the UNS S32750 / 1.4410 / SAF 2507 equivalence.",,DA FARE
/en/en-iso-10269/,EN 10269: Bolting Grades for High and Low Temperature,"EN 10269 explained: the steel and nickel alloy grades for fasteners with specified elevated or low temperature properties, with the full grade table.",,DA FARE
/en/why-use-12-point-nuts-instead-of-hex-nuts/,12-Point Nuts vs Hex Nuts: When and Why to Switch,"Why 12-point nuts are specified instead of hex: higher tightening torque, less wrench clearance, better load distribution on flanges and tie rods.",,DA FARE
/en/honeycomb-corrosion-how-to-interpret-it-according-to-astm-g48-and-astm-a262-standards/,ASTM A262 and G48: Reading Corrosion Test Results,"How to interpret ASTM A262 practices for intergranular attack and ASTM G48 ferric chloride pitting tests, and what the results mean for fastener choice.",,DA FARE
/en/din-6334-the-reliable-coupling-nut-for-structural-joints-and-critical-environments/,DIN 6334 Coupling Nuts: Dimensions and Materials,"DIN 6334 hexagon coupling nut: dimension table by thread size, available stainless and nickel alloy grades, and typical use on tie rods and anchors.",,DA FARE
